Type,Name,Request Count,Failure Count,Median Response Time,Average Response Time,Min Response Time,Max Response Time,Average Content Size,Requests/s,Failures/s,50%,66%,75%,80%,90%,95%,98%,99%,99.9%,99.99%,100%
POST,/api/chat/plan,1,0,19157.020417042077,19157.020417042077,19157.020417042077,19157.020417042077,252.0,0.018759872315805115,0.0,19000,19000,19000,19000,19000,19000,19000,19000,19000,19000,19000
POST,/api/chat/stream,14,0,7,8.818014994696048,2.2488749818876386,15.487249998841435,0.0,0.2626382124212716,0.0,8,11,15,15,15,15,15,15,15,15,15
,Aggregated,15,0,8,1285.3648417978548,2.2488749818876386,19157.020417042077,16.8,0.2813980847370767,0.0,8,11,15,15,15,19000,19000,19000,19000,19000,19000
